Subsection,Section,Module,Description,Learning Goal,Word Count,Research Question,Research Background,Internet Search
Confidence—Your Secret Power-Up,Defining Your Confidence,Chapter 1: Confidence Isn’t Magic—It’s a Skill,"Kick off this chapter with a wake-up call—confidence isn’t some scarce resource reserved for the lucky few; it's a muscle you can flex and train. We’ll smash myths around who gets to be confident and show you that confidence is a skill to sharpen over time. Think about confidence as your ultimate power-up in life’s game; it’s all about honing the skill, not wishing for magic.","- Realize confidence is trainable like any skill you master.
- Call out myths that make confidence seem elusive.
- Embrace the benefits of seeing confidence as a skill.",500,What distinct qualities of confidence show it's a skill to be honed?,,
Busting the Confidence Lies,Defining Your Confidence,Chapter 1: Confidence Isn’t Magic—It’s a Skill,We're calling out the myths that say confidence is for extroverts or the fearless. Debunk the idea that messing up once means you're doomed to insecurity. We’ll flip the script to show you it’s within reach and how wrong beliefs can give you the wrong map to getting stronger.,"- Identify myths that skew your view of confidence.
- Rethink how misconceptions mess with your progress.
- Get real about how confidence really works.",500,"What myths surround confidence, and how do they derail progress?",,
Spotting Your Self-Belief Traps,Building Your Base,Chapter 1: Confidence Isn’t Magic—It’s a Skill,This section dives into the root causes that trip up your self-belief—things like fear of being judged or past fails that haunt. We’ll break down how these roadblocks show up in real life and set up a pathway to flip them into strength zones.,"- Pinpoint what holds your self-belief back.
- Recognize how past fears sneak into your present.
- Craft new ways to flip negative cycles into positive energy.",350,What traps sabotage your self-belief and how can you reshape these?,,
Transforming Self-Doubt into Empowerment,Building Your Base,Chapter 1: Confidence Isn’t Magic—It’s a Skill,"Expanding on spotting self-belief traps, this section focuses on taking action against those traps. We introduce methods to dismantle these barriers and turn them into opportunities for growth. Techniques will include reflective journaling and setting micro-goals to enhance self-awareness and build confidence.","- Identify practical steps to counteract self-belief traps.
- Apply journaling for self-reflection and growth.
- Create micro-goals to navigate past doubt towards empowerment.",350,What practical methods effectively convert self-doubt into empowerment?,,
Rewiring Self-Belief,Building Your Base,Chapter 1: Confidence Isn’t Magic—It’s a Skill,Let’s get hands-on with tactics to shift those self-doubt narratives to stories of strength. Introduce quick wins like self-talk upgrades and affirmations that boost your mental game. It’s about crafting a toolkit that reinforces your daily belief in your growth.,"- Turn negative talk into epic self-doubt crushers.
- Use daily affirmations as your self-belief sidekick.
- Build a strategy that flips your self-view into turbo mode.",500,What tools successfully bolster self-belief and shift narratives?,,
Jumping Into the Confidence Loop,The Confidence Loop,Chapter 1: Confidence Isn’t Magic—It’s a Skill,"Meet the Confidence Loop, your new lifelong ally that transforms actions and reflections into powerful confidence fuel. Every step you take adds to a cycle that builds you up for the long haul. It’s about creating sustainable energy for your self-assurance battery.","- Grab the blueprint of the Confidence Loop.
- See how habits and reflection recharge your confidence.
- Apply the Confidence Loop to drive your growth journey.",350,How do habit loops establish deep-seated confidence?,,
Integrating the Confidence Loop,The Confidence Loop,Chapter 1: Confidence Isn’t Magic—It’s a Skill,"Following the introduction to the Confidence Loop, this subsection provides a practical application of using the loop in everyday life. Learners will be guided through real-life scenarios and exercises designed to integrate reflection and action seamlessly.","- Connect daily actions with Confidence Loop principles.
- Develop scenarios where the Confidence Loop is applied.
- Enhance reflective practices linked to confidence building.",350,What are effective daily practices for maintaining the Confidence Loop?,,
Confidence in Action,The Confidence Loop,Chapter 1: Confidence Isn’t Magic—It’s a Skill,Nobody does it solo. This case study spotlights someone who turbocharged their confidence by putting in the reps. Learn how incremental gains stack up to major results and how sticking power to the loop changes games.,"- Learn from a real-world example of building confidence.
- Recognize the power of steady, consistent effort.
- Understand how persistency fuels confidence growth.",500,What case studies underline repetition’s role in confidence?,,
Kickstarting Immediate Wins,Instant Wins,Chapter 1: Confidence Isn’t Magic—It’s a Skill,"Hook you up with strategies that deliver quick, powerful confidence hits. These little victories get you motivated and prove right away that confidence is within your grasp. You’ll practice tasks that make confidence real, igniting your drive to tackle more.","- Define what immediate wins mean for you.
- Master examples that reset your learning drive.
- Experience small tasks that fuel fast confidence boosts.",600,What strategies deliver immediate confidence boosts effectively?,,
Confidence Wrap-Up & Next Steps,Conclusion,Chapter 1: Confidence Isn’t Magic—It’s a Skill,Close out the chapter by cementing the idea that confidence is your skill to own. It’s your moment to pause and reflect before moving forward. Define what actions align with these concepts and challenge yourself to set personal goals.,"- Solidify what you’ve scooped about confidence as a skill.
- Reflect on personal stories that stunt your confidence.
- Plan your steps for boosting confidence daily.",500,What strategies aid retention and application of confidence insights?,,